"Account_ID","Role","Last_Login","Status","Created_At","updated_at","UserName",
"105","ratione","2021-12-16 17:37:47.000000","Nisi sit non ea ratione rerum est error. Quis animi beatae quas molestiae quidem vel et. Voluptatem ","2006-04-18 11:22:44","2024-02-28 20:44:52","purdy.onie",
"106","ea","2023-12-10 09:04:22.000000","Voluptate labore tenetur voluptates sed. Voluptates voluptatibus debitis aut modi nam. Voluptas odit","2002-02-03 11:39:48","2007-05-24 12:01:42","nbatz",
"107","adipisci","2020-09-01 14:56:31.000000","Sint in eveniet quia in fugit quod vel. Aut ab est labore nesciunt molestiae dolores et. Voluptatem ","2000-08-05 06:32:22","1980-02-08 04:15:08","kiehn.lesly",
"108","nam","2023-03-14 18:53:59.000000","Officia ipsam beatae sit nostrum non. Necessitatibus ea aut debitis dolor possimus quibusdam soluta.","2014-12-18 17:10:26","1976-02-03 11:11:06","goodwin.delmer",
"109","fuga","2021-06-29 20:38:47.000000","Exercitationem provident non occaecati. Omnis ratione et quo ducimus voluptate.","1989-08-11 22:11:37","2004-04-16 03:33:03","bfay",
"110","facilis","2025-07-25 04:35:34.000000","Voluptatem neque id consectetur. Distinctio autem deserunt aliquam magnam aspernatur ut. Qui deserun","1973-09-17 12:04:44","2001-05-16 20:44:19","fern.bartell",
"111","non","2018-07-29 19:45:12.000000","Ut sint sed enim ea tempore. Iusto consequatur voluptas aut tenetur. Accusantium enim facilis volupt","1989-04-12 08:08:35","2005-11-06 03:19:33","keara75",
"112","voluptatum","2024-07-12 17:36:27.000000","Numquam dolor commodi voluptatibus labore. Qui omnis quae aut eaque placeat temporibus ipsum. Qui ip","1978-01-31 04:45:42","2001-11-04 12:02:04","jerde.emelie",
"113","nesciunt","2020-01-03 00:17:52.000000","Sed nobis laborum vero nihil. Magni ut ad consequatur. Voluptatem sed officia ad dolores.","1994-12-30 18:40:18","2023-08-10 12:31:08","antonetta.rosenbaum",
"114","ipsam","2021-06-21 16:14:19.000000","Iste necessitatibus voluptatem sint qui nesciunt accusantium. Et ea ducimus maxime ipsam possimus om","2015-12-14 19:09:14","2018-05-10 05:03:25","frath",
"115","incidunt","2020-06-23 12:23:27.000000","Dolorum aut quia vel ab debitis sit ipsa. Voluptatum et quis quo tempore dolorem dolores ratione. Do","2015-02-15 20:15:11","1975-05-19 00:13:28","dena.abernathy",
"116","nulla","2020-10-14 23:35:31.000000","Nihil in veritatis perspiciatis officia vero non quisquam. Impedit aut est velit quis voluptatum.","2017-06-15 22:09:06","1972-08-03 14:08:26","mossie26",
"117","aut","2022-06-06 05:20:10.000000","Quisquam corporis mollitia autem omnis praesentium. Qui deleniti qui esse.","1987-11-18 20:47:34","1993-10-30 23:54:39","akeem.stroman",
"118","est","2024-10-23 06:35:49.000000","Velit est sunt laborum nihil possimus quis exercitationem. Sint aperiam quia atque iste provident do","2007-05-06 05:02:54","1986-08-28 05:38:18","thompson.shyanne",
"119","vitae","2019-09-23 21:06:42.000000","Harum ab rerum eaque beatae asperiores magni. Ex voluptas dolores quia repellat rerum qui et et. Eni","1986-07-24 09:36:31","2010-12-26 14:48:46","rice.zoila",
"120","laudantium","2017-10-10 14:17:26.000000","Aut eum voluptas magnam at sit. Qui quia ipsum ad minima. Vitae quisquam nesciunt laboriosam volupta","1979-09-02 08:31:12","1970-09-21 01:18:53","lesly54",
"121","in","2020-05-21 15:41:00.000000","Ipsam necessitatibus et corrupti maxime id libero et. Nam aut in ipsa et. Aut quis animi consectetur","2022-07-03 11:34:26","1976-07-26 02:36:57","vberge",
"122","at","2019-12-29 09:36:33.000000","A ipsa et dolor itaque sequi quidem. A natus quam dolor corporis tempora nam. Et aliquam ducimus acc","1976-09-20 11:58:55","1992-05-16 15:42:59","molly61",
"123","similique","2019-06-16 04:48:55.000000","Provident tempore itaque nam optio culpa est numquam. Ut deleniti cumque autem delectus aspernatur q","1998-01-24 19:17:27","2016-12-27 19:49:11","qmarks",
"124","omnis","2020-04-24 19:44:15.000000","Quia neque id maiores doloremque. Minus ipsa sed porro similique facilis qui ut. Veniam accusamus no","1995-01-24 23:58:15","2012-07-24 23:33:12","brenna21",
"125","autem","2021-05-02 18:08:47.000000","Corporis dolore minima qui voluptas. Voluptatem rerum corporis architecto placeat. Consequatur inven","2025-05-21 12:32:27","2003-07-22 16:56:05","pbartoletti",
"126","voluptatibus","2021-10-10 04:09:46.000000","Amet distinctio iste sequi quisquam nesciunt omnis quasi. Excepturi et eligendi aut dolorem molestia","2024-05-01 09:06:25","1997-04-04 18:49:51","dubuque.dariana",
"127","rerum","2016-10-08 21:57:42.000000","Ad velit iure assumenda dolore consequatur. Aut quisquam commodi voluptates officia necessitatibus. ","1999-03-11 00:24:04","1996-09-21 15:49:44","greenfelder.lenora",
"128","ab","2021-05-03 10:30:29.000000","Dolorum officiis sunt iusto iusto nesciunt quia quae. Omnis a perspiciatis occaecati sit. Incidunt p","1979-09-12 22:48:54","1997-04-06 01:02:52","karl.kuphal",
"129","minima","2018-03-15 11:14:22.000000","Et eaque accusamus est non dolores dolorem voluptate. Et magni id culpa hic. Voluptas nihil corrupti","2011-03-20 18:25:12","2010-04-12 20:22:46","gsanford",
"130","sed","2020-02-09 11:56:47.000000","Aut enim et cum molestiae veritatis ut. Qui odio fugit et et officiis aliquid aut. Itaque sit dignis","2024-04-13 06:16:14","1975-11-21 03:57:09","wmckenzie",
"131","repellendus","2023-11-19 21:49:31.000000","Velit alias saepe delectus qui ut eos rem. Ut qui quidem non voluptas.","1995-11-10 03:19:20","2024-11-04 07:01:37","velda.wyman",
"132","perferendis","2024-02-27 05:50:02.000000","Omnis provident quasi occaecati repudiandae sint. Excepturi sit sed tenetur animi doloremque. Adipis","1971-10-17 12:23:41","1983-03-02 17:00:57","tlehner",
"133","repudiandae","2023-05-25 16:46:27.000000","Est explicabo dolor assumenda quod aut. Reprehenderit totam accusantium nulla aliquid in modi sint. ","2021-06-12 09:13:41","2005-03-09 17:00:45","qturner",
"134","quia","2021-03-29 09:41:15.000000","Qui et aperiam temporibus excepturi dolores nulla. Sunt et ut et rerum. Qui rerum aliquid nostrum ex","1971-04-05 03:11:18","1977-05-21 10:30:12","green.kurtis",
"135","et","2020-01-26 23:21:50.000000","Necessitatibus nesciunt sint nobis dolores. Modi qui qui temporibus expedita natus est nemo. Ea sit ","1999-02-15 17:59:07","1991-10-26 15:53:10","harber.jules",
"136","non","2017-02-24 07:38:21.000000","Vero illum voluptas veniam eum. Sed sit maiores rerum eveniet ex possimus. Dicta perferendis perspic","2012-03-25 20:19:37","1998-07-02 19:10:06","sipes.reuben",
"137","vitae","2020-05-04 18:41:16.000000","Alias quas earum temporibus est dolorem. Odio omnis autem et soluta natus debitis incidunt. Ratione ","1983-10-27 01:34:11","1976-12-25 17:50:58","nick.herzog",
"138","dolores","2025-04-25 12:15:36.000000","Molestiae quaerat ipsam qui pariatur. Fugit quo sint natus soluta. Placeat unde magnam sint ex quia ","1999-02-11 05:51:37","2009-04-18 09:01:23","nolan.charlie",
"139","nobis","2023-02-03 16:59:41.000000","Tempore laudantium assumenda sequi omnis voluptas. Aut praesentium voluptas voluptas perferendis. No","2018-05-22 11:46:06","1974-03-27 00:12:35","cgaylord",
"140","facilis","2022-01-16 00:23:43.000000","Id non nulla incidunt facilis est et nulla. Iste dolor nihil eum adipisci nemo. Tempora optio expedi","2025-02-13 16:42:45","1971-12-18 02:00:19","fannie28",
"141","sed","2017-11-01 03:24:25.000000","Labore non ut sapiente. Praesentium impedit voluptatem porro et dolores accusamus. Architecto facili","2008-05-29 09:09:36","1990-11-26 17:57:07","blaze.hegmann",
"142","quia","2022-10-04 04:58:44.000000","Non impedit voluptatum sequi. Autem qui sequi consequatur dignissimos. Voluptatem consequatur debiti","1971-06-16 06:49:55","2014-09-18 04:03:12","victor.lubowitz",
"143","et","2020-09-17 08:59:54.000000","In ipsam eos aperiam sed non necessitatibus et. Inventore incidunt voluptate suscipit sint qui. Cons","1973-11-25 08:10:42","1986-03-14 21:14:06","wstracke",
"144","reprehenderit","2015-12-01 02:14:09.000000","Nulla repellendus minus vel hic. Et fugit et ducimus minima nesciunt. Est omnis amet occaecati est d","1981-05-10 16:24:14","2021-02-15 00:14:15","angela.boehm",
"145","in","2020-03-07 00:39:48.000000","Vitae repellendus neque et labore aut accusamus eligendi. Nihil cupiditate commodi laboriosam recusa","1979-12-11 02:45:28","1996-04-11 00:30:37","gianni84",
"146","optio","2019-06-30 08:03:50.000000","Distinctio explicabo pariatur dolor sint atque. Neque pariatur possimus ipsa dolorum. Consequatur ev","1978-08-03 20:09:37","1993-06-06 00:15:18","tprosacco",
"147","qui","2023-02-13 15:14:14.000000","Voluptatem eum aut dolor quod. Iure unde beatae earum esse assumenda. Quam consectetur iure voluptat","1975-01-21 05:04:17","1973-11-15 00:51:57","everette57",
"148","sapiente","2017-01-31 15:38:05.000000","At consequatur omnis id et odit est. Perspiciatis dolorem sunt a delectus. Aut quam est non. Molesti","1971-02-19 13:54:46","1998-02-20 04:40:43","qschiller",
"149","ab","2019-02-26 15:06:14.000000","Praesentium eum sit odio. Exercitationem aliquam aut aut aut sint tempore vero. Quaerat tempora offi","1985-02-21 19:49:32","2009-12-15 07:08:53","ardella.cronin",
"150","id","2025-08-13 22:52:20.000000","Accusantium minima est dolor id ab consequatur est. Nisi rerum voluptatum sint nihil voluptatibus mi","2007-03-11 23:14:57","1985-07-26 00:12:03","flesch",
"151","cum","2018-01-24 09:45:05.000000","Aut blanditiis architecto quia quia occaecati dolorem. In inventore assumenda non quas accusantium q","2001-09-27 13:09:23","1996-04-27 08:05:33","marquardt.vern",
"152","aut","2020-06-27 15:17:14.000000","Aliquam eum voluptas repudiandae aut optio dignissimos earum. Ducimus voluptate laborum id animi lab","1973-03-13 15:34:34","2017-08-14 04:52:53","cleta.gislason",
"153","atque","2018-11-22 16:57:14.000000","Soluta est facilis qui modi. Rem ab quibusdam atque ea odio. Omnis aspernatur quidem ut labore.","1977-04-20 13:11:13","2012-09-19 03:12:32","grady.denis",
"154","amet","2023-10-24 15:09:11.000000","Nihil cum omnis occaecati est minima. Velit saepe placeat officia quo quia dolorum distinctio aut. C","2017-09-05 18:53:51","1986-09-22 00:40:25","darron84",
"155","numquam","2022-11-26 05:42:29.000000","Qui qui nam corrupti a. Nulla et porro neque distinctio sit nemo qui. Vel voluptatem voluptates nobi","2004-04-26 22:45:53","2025-02-20 06:19:55","ularkin",
"156","rerum","2018-12-02 18:40:32.000000","Perspiciatis ab natus molestiae et ut saepe. Voluptatum distinctio ipsum fugit voluptatem modi volup","1989-07-15 23:54:16","2017-09-02 19:06:37","myron.orn",
"157","ad","2019-10-13 04:55:19.000000","Perferendis deserunt a rerum quos magni inventore et. Asperiores quam totam non consequuntur autem v","1998-05-24 15:31:40","1995-12-15 17:40:10","sharris",
"158","minus","2021-03-24 00:32:49.000000","Eligendi voluptas quo libero. Ipsam sit numquam sit adipisci quidem. Aut dolorem omnis sapiente.","2014-09-08 20:44:07","2008-05-06 16:24:51","jast.geovany",
"159","excepturi","2025-09-07 14:56:41.000000","Consequatur et numquam aspernatur. Ullam aut excepturi odit ut magnam. Quae autem similique aut et d","2007-07-15 19:42:32","2003-06-17 13:51:19","crist.lorenzo",
"160","molestiae","2020-04-30 23:10:54.000000","Modi officia voluptas facilis praesentium. Amet voluptas placeat consequatur adipisci. Repudiandae m","1987-10-30 17:16:04","2005-06-30 00:06:44","farmstrong",
"161","reiciendis","2021-01-15 00:48:02.000000","Et in facere consectetur cumque quae iste. Nulla ipsum dolores voluptates. Veniam libero nihil et ut","1978-04-13 01:04:01","2010-10-23 13:48:44","qpfeffer",
"162","minima","2020-10-29 16:03:34.000000","Delectus debitis voluptas qui a harum eum ut. Atque error et assumenda recusandae. Nam nam cumque qu","1998-02-08 15:25:39","1984-03-13 00:19:55","douglas.carleton",
"163","sed","2017-07-22 01:00:56.000000","Et asperiores autem repellendus blanditiis. Eius nihil dolorum quo aperiam voluptas adipisci suscipi","1988-08-26 21:37:36","1997-10-24 03:21:00","mmorar",
"164","ullam","2018-12-12 21:57:28.000000","Ducimus deleniti omnis eligendi neque qui. Est corrupti vero in quaerat necessitatibus. At possimus ","2009-04-25 01:44:17","2012-02-07 19:14:54","vonrueden.audrey",
"165","numquam","2017-06-19 01:51:31.000000","Dolorem est molestiae ea dolor. Vitae assumenda nihil voluptatibus perspiciatis. Qui soluta blanditi","2019-12-04 02:34:12","2004-06-02 03:31:19","christiansen.noemie",
"166","aut","2021-12-20 04:09:02.000000","Qui facere autem sapiente qui omnis provident. Tenetur vel vel quisquam.","2010-09-22 22:52:10","2014-09-30 22:42:27","theresa.parker",
"167","et","2023-08-06 00:51:18.000000","Asperiores et laboriosam non. Praesentium rerum sequi excepturi ex placeat sint tenetur. Commodi dol","1980-08-26 16:16:13","1994-08-16 12:33:42","dibbert.emil",
"168","modi","2024-04-01 23:44:13.000000","Officiis soluta quidem ex necessitatibus ea. Sapiente qui libero eaque ea vel. Aut et architecto con","2016-08-04 01:45:15","2023-10-27 21:50:10","emckenzie",
"169","maiores","2025-04-20 22:06:08.000000","Consequatur impedit minus voluptatem ipsam sit distinctio. Rerum totam doloremque qui.","1976-05-19 15:35:19","2015-03-14 06:30:08","jane.hahn",
"170","quo","2023-09-22 01:56:11.000000","Explicabo dignissimos accusamus autem officia. Vel sed nihil et quas veniam. Dolorum magnam consequa","2014-03-11 17:10:34","2002-04-25 11:50:12","verona53",
"171","ullam","2018-06-08 14:33:38.000000","Cum culpa officia deleniti dolore fugit. Ullam saepe maiores cumque. Aspernatur libero doloremque si","1976-09-26 01:54:30","1990-01-04 20:41:52","bradford.beatty",
"172","modi","2017-04-05 18:51:38.000000","Sed hic adipisci quaerat maiores est dolores. Ab nostrum fuga atque aut. Velit ratione ipsam cumque ","2022-09-05 23:26:57","2016-04-05 04:54:19","hand.melvina",
"173","quo","2022-11-29 20:01:28.000000","Quam architecto ea autem libero adipisci. Ut rerum ipsum suscipit laboriosam ducimus. Est vel asperi","2003-09-26 06:20:06","1988-01-10 02:01:46","rcrooks",
"174","dicta","2024-04-14 09:37:23.000000","Odio animi sed repudiandae officia inventore nihil pariatur quia. Aut explicabo neque eos laborum is","1981-09-01 05:45:08","1970-03-23 22:08:12","cory.heidenreich",
"175","quaerat","2025-07-21 23:51:57.000000","Explicabo nesciunt qui pariatur consequuntur ullam dolores tenetur vel. Quasi qui fugit minima ipsam","2012-07-08 02:08:04","1990-03-02 06:44:59","lolita30",
"176","quam","2017-10-30 21:31:19.000000","Non est quas iste modi. Ut assumenda qui magnam. Est natus sed non.","2018-05-09 06:52:29","1970-06-06 21:27:32","kelli23",
"177","est","2016-10-29 14:26:59.000000","Vero debitis dignissimos eos dolorem nesciunt ratione aspernatur. Et error temporibus odio rerum quo","2004-08-26 16:51:04","2001-07-27 19:18:09","ted.tillman",
"178","tempora","2017-07-29 00:38:31.000000","Sunt veniam ut et aperiam perspiciatis. Et maxime sapiente cum facilis accusamus commodi quidem beat","1981-09-03 07:31:34","2014-04-20 16:42:24","madelynn64",
"179","praesentium","2016-01-06 06:43:46.000000","Dolorem ad nihil saepe qui illum accusamus molestiae voluptas. Omnis rerum numquam id provident quas","1985-07-10 05:53:56","2011-12-02 12:51:24","melyna.lynch",
"180","odio","2024-09-12 11:06:08.000000","Qui natus fuga illo. Dolores expedita ut doloremque quibusdam consequuntur sequi ut. Sapiente ad et ","2019-05-07 11:23:27","2018-07-10 13:06:11","marcelo84",
"181","eos","2018-09-08 17:41:05.000000","Voluptatem recusandae reprehenderit unde et deleniti perspiciatis laboriosam. Facere rem autem unde.","1977-09-18 09:47:42","1990-09-01 09:26:09","strosin.jorge",
"182","exercitationem","2018-09-08 00:17:28.000000","Ratione explicabo ratione tempore quae velit accusamus. Iusto et dolorum sed et perspiciatis. Qui qu","1992-12-30 19:08:20","1976-12-02 16:41:25","rocio.stracke",
"183","quis","2020-10-27 07:08:01.000000","Explicabo nostrum nisi molestias nemo aut illum animi ad. Vel quibusdam non dolor natus. Vel vel arc","1978-01-21 00:58:34","1978-10-07 18:51:50","willa30",
"184","sit","2024-03-11 22:16:41.000000","Quisquam est voluptatem aut asperiores. Similique velit dolores aut consequatur. Rerum consequatur e","1984-08-11 10:05:55","1978-02-20 15:20:43","emarquardt",
"185","odit","2021-07-12 00:27:15.000000","Quos modi eum saepe culpa dicta laboriosam. Aut et quia magnam velit. Impedit reiciendis eius rem do","1984-01-10 01:42:49","1973-01-13 16:30:31","gilbert.kertzmann",
"186","molestiae","2023-12-17 21:27:14.000000","Maxime id voluptatem et dolores commodi reprehenderit cupiditate. Enim in odio consequatur quibusdam","2001-11-09 21:10:55","2007-09-01 19:22:14","amiya44",
"187","nihil","2017-07-02 08:28:25.000000","Velit rerum ut eligendi incidunt. Amet eligendi corrupti ut quia. Possimus ut voluptatum nam tempora","2023-09-03 09:46:17","1976-08-19 06:06:58","ggrant",
"188","et","2017-05-09 10:27:33.000000","Deleniti aut perspiciatis eos voluptates. Id est dolorem earum et unde et minus. Quidem aut placeat ","1974-03-20 04:02:37","1973-10-26 22:47:26","mariam97",
"189","nam","2016-09-22 15:28:41.000000","Consequatur quia placeat suscipit ut asperiores iure. Dolorem at nam reiciendis provident porro dolo","2014-04-30 21:21:03","1987-01-12 17:16:58","bednar.paxton",
"190","est","2021-10-14 22:47:09.000000","Nostrum dolorem adipisci odit. Sapiente aperiam eos et fugiat nisi. Aliquam mollitia at eveniet magn","2018-10-22 05:19:26","2025-03-29 22:00:55","gbalistreri",
"191","dolorem","2019-12-25 06:02:18.000000","Nisi impedit quisquam doloremque et veniam voluptatum maxime. Reprehenderit magni dolorem dolorum ha","2001-10-24 23:36:50","2010-12-27 04:52:55","randi.konopelski",
"192","voluptatum","2016-10-31 17:41:18.000000","Consequatur itaque omnis corporis consequatur aliquid ea natus. Soluta libero inventore optio dolore","2022-11-07 19:20:28","2023-05-07 14:32:02","o'hara.waino",
"193","omnis","2024-02-19 11:08:41.000000","Repudiandae non et et molestias quo. Et ut culpa reprehenderit aut iure ipsam ea. Quasi cupiditate q","2017-12-30 07:52:19","1972-02-22 12:34:59","retta57",
"194","distinctio","2023-04-24 12:47:57.000000","Assumenda minus iste illum tempora. Accusantium eius velit non vel. Deleniti perspiciatis fugiat pla","1976-09-03 05:29:46","2004-12-31 02:12:57","fmoore",
"195","explicabo","2020-10-30 06:04:01.000000","Delectus repudiandae et sit in. Dolorem architecto eos accusantium numquam et et voluptatum. Ut dolo","2004-12-31 01:41:51","1978-11-29 17:45:43","hayes.yasmine",
"196","facere","2024-07-20 23:52:49.000000","Consequatur laudantium soluta voluptates et porro aliquid. Ut voluptatem libero aspernatur sequi id ","2024-06-27 21:25:59","1975-04-26 05:15:16","koepp.major",
"197","illum","2025-06-21 22:02:22.000000","Explicabo necessitatibus aut laborum laborum et culpa et. Exercitationem nostrum omnis alias quia do","1994-03-04 19:51:23","2019-08-22 15:09:27","kamille96",
"198","praesentium","2017-08-06 04:18:21.000000","Ut rerum quis repellendus ad enim ipsa exercitationem soluta. Aperiam tempora quis quaerat non. Labo","2015-12-24 11:27:03","1971-05-01 23:00:46","natasha.reilly",
"199","laborum","2025-07-06 09:40:43.000000","Vero quo omnis voluptatem laborum. Similique unde rerum deserunt expedita. Fugiat blanditiis archite","2021-11-14 03:48:28","1979-04-13 09:11:45","michel.d'amore",
"200","ea","2021-03-08 02:49:51.000000","Et error et eius illo. Quam porro omnis animi dignissimos perferendis. Voluptatibus qui neque aspern","2007-09-12 18:15:07","2000-09-11 00:44:26","christine.effertz",
